2.5350709400231426,33.412140151909796
2.245031393983147,31.870508681779867
2.262349637218937,27.226023822582547
2.10819025971152,74.82812094450546
2.325621755985466,20.01681549388026
2.3449284028253903,22.139170725275065
3.317446773229902,48.01478022829101
3.380218596856482,140.4783826133508
4.125849545807238,67.98876706437474
3.8145069314239906,1.4509138625044606
3.6944394806400593,-2.5295822048379293
3.795701991779993,69.10767908289515
3.506566117767404,129.40807319078817
3.046026597636288,78.40786802997974
3.647748465799304,82.8899223846275
2.806968608228826,54.11337136109713
3.5346950619071054,88.28658056386855
2.9811308955479423,16.48280676307493
3.0132515809445968,35.4155282361768
2.9512998448782986,78.90875102291676
3.4292716533110132,52.41089919159185
3.422877017374218,157.81118455734747
2.6856842140119284,34.32321540189198
2.589480420388511,59.623126838135924
2.3540422495298046,21.36442697213149
1.8331774032455008,60.84349874028268
1.6994616609311934,19.06564198454654
1.77689056142355,60.034116464764914
1.6636158339069353,24.239041746204
2.7957349068532067,26.355858264208976
4.507440639806755,41.698050522031316
4.614227366359784,123.34023837356213
5.261797001757902,73.49647212608366
5.2736220406198715,1.394608485469
4.747621120061961,-2.0671840459944555
3.582524985102152,12.573059642795634
3.123583483662566,4.808112762298421
2.4043210862641007,35.54318840851419
2.5160068140450065,108.86249085866876
2.9880677786203482,147.45681960064206
3.218677904872349,126.67358119010062
3.460493128880382,85.92056832918404
3.5578173331603646,39.80369534668492
3.223062802338872,81.83347229218813
2.787346200333028,252.1322226388339
2.8587344912296575,208.96248096611205
2.313301025372743,101.24969875357604
2.1699435816058195,91.24076687891336
1.9150388265890426,21.52486957306794
1.793393672055242,20.82506012136892
1.8973489800567422,24.904731857957877
1.9904725910269787,23.91304123663787
1.7656348931529349,21.729364279822928
1.9820237186426355,26.950793806963066
3.1962223730936405,14.959193267373315
4.991392723134792,18.921722699127443
4.791611207637014,42.2702353348714
4.57328683947904,126.17255844506246
4.046514482940627,110.58862723516455
3.535055222824363,196.39931852953927
3.381457887485533,18.72652390898304
2.7391043154977184,3.110783567262491
3.2913432952351593,107.18024325467266
3.4200598812637977,56.544732680965254
3.7242496146820128,46.63968469539226
3.126643695909599,28.336113004409352
3.193911927819464,46.209712022124094
3.381476698970543,144.08180478725248
3.765983269521489,207.78468872253825
2.80012328587129,168.4523846458314
2.3514742625172502,104.99682985205428
1.7089866532570073,83.27119170163402
1.870757378986807,61.571670992059666
1.77389817698323,49.85057678744758
1.9461976627808224,63.98202901658237
1.4882852737209633,63.37348440424243
1.5992975715839135,59.6786155070917
3.737734473442211,53.06863398401745
5.451571795329218,60.184190260985275
4.87385390092472,154.53014162738876
6.359448902942543,101.44568644761125
6.795384929809113,134.12040546587878
6.361352144510689,54.99599485769608
5.081913356792863,24.728176829636766
4.075404299402313,120.52434115026628
4.180770514674369,11.073231750384853
4.744035442892487,4.369974975925427
2.310271237890308,7.081178136211992
2.6499446630825805,21.229040822057513
2.8780270572623725,18.130065975574745
3.7112213177394326,116.79308581465594
2.871824505859718,126.34758829884207
3.3433558297688757,171.30344094149987
2.927495055437983,93.26908309922037
2.3213452714917655,37.25383907397255
1.5349658443603182,31.491263815866766
2.315875744835584,50.430758599709556
2.123849113730964,32.74593085772688
2.63531021505954,24.845586145424942
2.45579401517656,17.945108706687197
3.205535513520135,22.185440870689987
2.794848274426445,23.338513174633473
5.427129527695834,39.419550592431776
5.804883066102628,112.11431073165195
6.036369702381871,81.67484665623597
6.386876069030561,74.9605478963934
4.625001429281926,104.59053863756964
4.586053086427351,103.70488423722396
4.094954373116491,95.02238192428725
3.8019549686962217,85.39882702985551
4.067881085282136,140.3530273903468
3.7918045767528143,121.7438840704852
3.653478873356898,54.45494278931719
4.684139768334492,25.527965442337106
4.138773278632998,50.87102383509112
3.36571615564925,90.44627718395259
4.0001204026539945,183.03465684825977
3.3498877983717477,131.95162188595936
3.077661753535349,95.6603926239384
1.9490075052509266,73.54435058722238
2.8297294498452,50.67280835707093
2.6223208242602913,44.22181467725561
2.9092801876471057,64.07166696230948
2.720636889253346,29.11028418970625
2.513456441131207,23.435813143237567
2.6348506004559615,23.281447698255274
5.269890006455719,45.08175156674562
5.2415796332650135,170.4451612432368
5.372533883212003,91.48283743246242
6.409224098223901,64.61728319780975
4.921550280062649,50.5462429923428
4.4908037076239955,12.572380973565348
4.3439262454757674,28.53118001307924
3.714407767485921,6.165330304756139
4.388377157297097,32.335068426337344
4.0225419988253535,1.2051203891032216
3.938124393214905,48.45803012699295
3.434360499215659,36.10777400838716
3.2717024394800047,56.61825317011716
3.8443005704591955,34.24266691708366
3.4103624740977088,19.850635613211914
3.5644081890621564,35.4428299048228
2.9798835354188222,113.60229789009057
1.8088249878945388,73.34017649655436
2.9856755571067133,68.73232686641167
2.841225908102328,26.215903167057967
2.504922817117835,26.18514302117687
2.456436171750354,20.130465260534166
2.4939868103893046,20.758798888023726
2.813144421074105,26.02198245835031
4.420114352524779,70.57381279694218
5.032195098194234,125.82453355193846
5.355046633271486,97.21952764367848
5.725395376915157,66.98419606864401
5.069834834750859,-0.725578172163857
3.966236813441434,110.69573254314702
4.009101799995008,183.83105521089524
3.8106684941132802,90.4118745643646
4.185495673135396,72.24285239681639
4.395427486717202,88.44252787331314
4.163330887950608,39.245271309984986
3.8396662424204777,16.80707862177644
4.5490500113879095,75.11148715622723
4.102386558148379,85.99423200277295
3.5076462866232587,160.17894874016764
2.554339323103421,159.56648267800222
3.1325336819939213,59.86405820760347
2.192659425486713,44.38403615839512
2.164633352985162,44.37869951778593
2.466769138041565,23.50457100555692
2.1670876774547465,20.940588051396926
2.215391780852012,26.374047705362315
1.822876820640478,25.789048434920197
3.0403260405528023,63.97293254278642
4.652004609978497,73.79568090684043
6.697336867707405,123.6790863092206
6.809813753761346,68.38033937438102
7.0,83.1252242206227
6.145068227436365,51.14252836345544
5.1735992447218875,22.341747896754672
4.86582451625305,69.4797098437829
4.811221307690938,28.626517271100013
4.641638726102798,5.927279274720469
4.8735820725386905,2.6655526143466766
4.303940804838338,12.454314128852928
4.916757158832471,56.02501758384483
4.526284846148008,66.21926743939268
4.446457461901154,112.46004122386887
3.511929290473039,142.96411152102817
3.7486874178435614,153.9242731148632
2.3897122670341338,47.38327182985303
2.461964585705455,38.94449934847557
2.750892581533959,36.703356276159724
2.8597795693151133,25.775733708408886
2.4219691885368317,29.996280363700595
2.598444108808898,26.54682041797529
2.952195830150764,19.376822923714297
2.9641260386813615,27.1865871021635
5.106773739190417,58.04152800460133
5.2873639299684445,133.86090432059538
5.954485779992873,69.82398319262225
7.0,54.447243653036764
5.194770651886448,0.6879896008509263
4.264312737906604,15.256524350790645
4.541765031441684,-2.5689522837044656
4.539893243697363,66.45434075568761
4.120658178868938,34.52773576636976
4.0253946906427505,106.45753726240041
3.7200789775861334,103.01695816710628
4.351299137546867,72.07391790190746
4.2642161711770985,96.285664906877
4.020407786395413,124.91350667283803
3.8833347887945617,103.50095039153348
3.1183286443801226,106.89380678684776
3.0542805091459697,79.67156179706794
2.5462905387411148,39.80359098650804
2.6833048621372537,61.01647001923774
2.5809694010272093,30.658832614306345
2.4696865498869753,33.4329675319175
2.664473915196899,28.722442772290936
2.5842388581008917,41.785292632116025
2.6924478328498167,25.550288525278027
4.90793228799306,15.66699211244989
5.4056758993224285,22.35365042445298
6.026347205095594,39.25163219873539
4.669541128151598,21.647907680245037
4.549448782412798,28.73924213712024
3.9229186575966573,140.21046200595066
4.3451528268575865,106.27830588803937
4.308171039236109,85.45113891787628
4.393649534481353,42.29549253168833
4.337457522444649,2.3657580887033554
3.9388011601926243,41.12082108006979
4.728000410989949,108.04920258987892
4.332785266757919,107.1028748522931
4.190846422220829,196.29330558016665
4.514098188523321,215.48952382882712
3.2924087667641464,254.24724101650048
2.953767634248456,119.09756500864036
2.0699681273964194,71.91459213888149
2.487699104545192,28.15133011418923
2.2148441549413653,24.510393385330396
2.2836055715265204,35.98210097885291
2.010708246108179,29.196952903801122
2.1434002364238554,35.70027462485023
2.26972954830051,52.34098442110808
3.889736851047727,52.7200111116426
4.234146430172363,135.60643836975407
4.094268102850766,91.83827270300786
4.602639565227084,71.76534421851956
4.013173940780951,55.38215699964347
4.205941231771443,1.8441440431416076
3.9773202656415654,19.920790812206594
4.06036910676761,1.2785656129233551
3.7429593146077162,47.07225271456717
3.477067975108729,20.18676160201083
3.78432810834874,15.244442968381993
3.4109329022101345,51.086043484602705
4.04274203485147,41.96759747147969
3.8936192861035943,170.2912111596176
4.002186612342664,126.48518054007792
3.894043257342945,203.52460098665068
2.904580158102469,111.65785344557585
2.2548656295343052,33.54735781391639
2.5038829798232136,22.64641844921148
2.6456008055362368,28.075480544254745
2.375193874140122,29.765522353157674
2.6239471905078267,17.966035369865956
2.3453456416144545,23.559097826251776
3.3093376166537767,25.74373312488906
4.51202582054171,75.44980919256733
5.797752254671285,127.45966921334704
5.226732331589826,100.61516017093322
4.894807574946389,83.53684921210353
4.664736489787596,108.32116678954948
3.6757967798903275,35.21685716160352
4.171681926342856,83.66374028633997
4.015095419845207,23.649348063125238
4.682959680787228,-0.08532425174142588
3.76251414227187,22.07336636594265
3.867569948563748,14.408155034927912
4.046749132755879,22.31597213779075
4.68663499153518,130.05694913742707
3.827921753781422,137.45581684878923
3.806079077426717,126.70296720677038
3.1472802523507024,78.25833031764545
2.6916496379185384,89.41501203877189
2.7459413436860682,48.644091497641234
2.4850848427574617,22.254599372132034
2.189236763545171,32.73619665819555
2.1952571757900383,21.43402463296686
2.3734108302524803,23.69755263257752
2.723909819099276,72.03911375309585
3.1514359156627316,28.819582694823545
5.0498489346062545,53.39679669781886
4.950078722300257,163.77624099048438
5.58647854129561,134.00582227656696
5.886100305990733,71.62985212129863
4.254203566377705,88.38354928230454
4.341264144749921,65.42392800580026
4.519608177313518,75.98476661079964
3.5460003926803765,76.53109743430211
4.0903590591679455,98.35025378888677
4.6383823720372055,111.17484168712768
4.4513559925935064,90.52883537350841
4.614281413666168,109.03059946569086
5.755386775769153,47.68744265500865
3.7108399354088037,120.49518369891942
3.5974385066370607,147.85002767198674
3.3006025318845738,123.17911490860344
2.6011046453718047,130.97268478201246
2.7195416374320525,22.382975549642385
2.1296837243275766,20.811447545344485
2.3854420888023045,32.85120540579452
2.549892269880626,20.270279047804976
2.0930946907102976,23.45560215838718
2.476446909046824,24.648947474827175
3.1225492881587362,25.885646408449897
4.044302246231419,73.40928559526259
6.1885258731147195,187.53660335865678
5.684597141439272,90.92215601908237
7.0,177.32996779065152
5.399999515117508,96.59249462170705
4.8882318143349925,42.70478832961686
5.279611180927648,30.924041436860378
4.659538902615317,35.395894729309475
4.903766036594891,79.25722104845386
3.905731703579171,42.43161088191786
3.6535787558734527,34.50364196333835
4.223610326833507,19.01607548189537
4.448475202607645,119.32671993874843
3.6326430294643544,267.6563768168965
3.222072712591674,205.62625088778262
2.89604391369368,208.76991923834947
2.431677149021276,155.4056009176725
1.9564098078903622,35.154410718875475
2.3551733578095333,25.213760597435538
2.2245675614391778,25.810074381269967
1.9829885833423466,30.23437522797171
1.87690796525905,18.921949820782636
2.2138629918514563,21.171346061939847
2.478174538407793,26.528333127308855
2.7964354896512433,77.8420479858729
3.2465772003125637,116.43760342386352
3.411360163994232,107.8246292965348
3.7042532637392687,72.31358414518606
4.386494805538825,74.37061178415141
3.468059975342891,98.23551559713728
3.9495749949499728,93.77103632721771
3.4688664598852537,67.34546444481076
3.7500531228267864,76.37176860064221
3.0899462247733975,14.825493869812504
3.358475660985241,17.884238466581763
2.880690679329596,27.527630192451745
3.366694059061119,93.77423132686674
2.930106057547674,102.15472066080117
2.7937958246080807,83.33796861096964
2.4882534629061257,60.82844716027747
2.7108289442207116,55.31345686648432
2.207376445646931,30.887193279046134
2.2452074165972835,32.46954042750441
2.354866948073814,24.171001632655752
2.2784096447314552,18.29957129950235
1.9344237057019162,23.913461135895872
1.935900339853839,28.938671891696252
2.429039217110439,19.26611245186642
3.5722489127612533,41.98840363052244
3.650791602167027,141.85610506313918
4.541195543259528,154.76210682406656
5.024902812455059,193.89541679913947
4.7453005969870015,123.51492711377425
3.7952919742815356,125.80445234630486
3.6952792023117436,241.83358017840453
3.6543466023202535,201.5677619837919
3.4476248811831667,91.26193866325947
3.2511927733160486,11.476624525116367
3.2881765752572574,20.485078769494308
3.0812355662751885,43.076533689461414
3.690983042262815,211.87191006232698
2.841928017446079,215.3485951601011
2.7025178306908604,185.9822284772317
2.759170182641657,251.61659969631117
2.69084818330922,146.26864237178944
2.1662668778713985,110.5189356666597
1.3949858532307977,95.55741964494145
1.0043610800937965,37.82391232059292
0.9708717871979362,19.22640520156995
1.0923343997615216,19.304996546591674
1.1705356308550476,31.11127843460868
1.4967534910793363,28.611014551671957
4.004717099471137,62.8543287760798
3.460816570740692,206.37073971406068
3.4758678390773916,115.95738185992329
4.216390774765026,109.30795485057165
3.3895387752797803,12.755704384878491
2.8131472821070833,84.14594548155931
2.4418200981706573,54.97196936934362
2.212400904954201,11.733089592456352
2.2533582582229044,11.959901129244887
2.6945474747441422,6.910531000219947
2.721603468217531,18.25387757635329
3.0514278257524516,66.63059311256087
3.248811638456012,259.8323339704286
2.661554309144486,173.73933489097175
2.6770799425527234,194.78487713486868
2.0590979535113023,162.0839407105666
1.6509754417521272,76.59351695411095
1.2667103004703157,40.50280473918085
1.9394144858746967,72.68839681033802
2.1764818564705632,18.11985781922207
1.7644711880928103,17.76909884975508
1.5528773489993088,28.865737803370703
2.2415142013784575,15.900966947765271
2.3540944043784373,17.54191785975358
3.3652116344239404,45.61455780063131
3.7023651155305672,161.401238538767
4.2455670169427355,91.58586094749765
3.982703752711137,95.15226187370735
3.436027648652925,104.88691653173122
2.9991576946599396,91.50868025629799
1.9451723335834281,79.32983066335699
2.4642958218442654,6.791159967767843
2.324151869132127,19.696181496363234
3.055496580860342,17.914447224837925
3.1375762810075116,6.619189109942411
2.90493435861726,16.158745254516575
3.1541807776662525,64.95131702103951
2.6938957691820056,124.84948975210163
3.067430263451779,156.21272820389055
2.821226015311014,176.68708231971186
2.4195120305776223,113.00585137982034
1.502477485716811,48.09063946819618
1.6086426423349292,27.90021120266759
1.7715414297606251,41.83020730302446
1.749679195337683,31.01079857814731
1.708810204454456,19.089607225702366
2.0546900164249817,19.920855246085925
2.3572760632392598,61.160138369804535
4.179301394851502,79.93496824883564
3.890957488178636,121.46340252770423
4.438127450029055,44.18695511734798
4.095273355863078,-4.09628473197629
4.266303640518088,-1.110698482939867
3.6584496958685553,1.482009103194077
3.9244182548366333,11.971148524759041
4.043744111127237,6.938480888260322
3.876948057828072,17.02913397745051
3.685031038065654,11.530513142816929
3.2295614922794535,50.52351152245835
3.092446800745983,22.813953804386312
4.046904856802201,82.92486530492117
3.1147790680892444,126.60460961317291
3.4821006160156087,136.82424607698056
3.5161149301700467,188.9990316178043
2.7007441396489225,117.3649855678736
1.8482986234826244,48.722210240004884
1.9366989609735321,31.656501108409486
1.7900070796663416,41.090521971513084
1.9552232850839608,31.11649302547297
1.5912331281140315,32.23408700852625
1.6847609391611735,32.61795076627743
2.7902001866362345,39.31091418041838
3.863660019261863,122.25642774492661
4.142817971584128,142.04159989821153
3.6932311972530174,72.07405399020746
3.910487779101615,90.06775194854525
3.377451606005388,61.667234351937296
3.104626214311134,67.28322571092986
2.528602599411052,98.64401540365768
2.4909807128456523,78.13179505830686
2.635746735711483,73.95387140639448
3.106520694260965,27.947670088516503
3.1364812463146476,57.327472156794734
2.851802420028708,25.753125912461062
3.4923514510732088,39.5471932147831
3.6351093271750594,80.3062562468953
3.3552202054560603,84.51751241511083
3.0784966573018924,162.08279955609893
3.1138659320497517,59.91596634957926
1.7095338529792394,21.552293291458845
1.8559069251211746,106.40496983698061
1.645446814702819,25.988206501066003
1.834868963053827,34.809583042420634
1.9243906297903453,21.559927994700136
2.112518685959646,25.977311886931698
2.50361242654593,18.7256844696719
3.7693636763257152,32.21400879570357
5.7935800443961964,126.07274427775445
5.384085720754107,88.18413104972873
5.210405372791825,63.5346608830575
5.259452962088534,3.756552220457092
4.542241733449515,43.6494375278086
4.440434049365182,129.76812543506824
4.636176334353897,83.53141238606486
3.7883889939649773,174.3793291514267
4.032017331868054,124.32616354770808
3.7820466895445444,132.97527135853926
3.5591087465659275,239.44259935444174
3.970083108802033,176.18482785372382
3.6478609745716275,96.91150190539241
4.00634900810498,108.85989564331231
4.376735079576949,193.08967448512476
3.7264107781211795,78.11347773927858
1.9927582646153352,127.06318984589127
1.7205422119072624,122.59651649040302
1.534320854296899,92.87736681175052
1.7334209867473735,134.63439618747896
1.6423703179160927,110.89007322667345
1.9613905959348163,52.104790486784935
2.3184083015781183,24.258883464753684
3.5628270283214944,20.575590716971956
5.5204165867437895,1.553625052746245
5.634329320095801,15.55451967690643
5.779836826880966,50.8652314297612
5.317870817516487,83.40315199353715
4.468999986164056,99.66610974044902
4.194842813159705,138.03145758685062
4.271862787613112,138.65211662264093
4.709323173316939,195.3165415862088
3.624360284170831,83.53352814033235
4.2624127843598645,83.17093847834468
3.8802147923415573,124.17439938922972
4.091173904974901,143.2075202593346
3.5401607226910823,143.66831853164933
3.4690879812816684,92.54026961526942
3.9950509640198506,70.41093211217738
3.09817143466608,133.66740781622119
2.1211700845708568,87.20988923634917
1.5498330228045631,50.295983603534836
1.5755414642199839,42.41406892543746
1.5783806437924444,52.07622912036491
1.5881722904348807,21.817590541204922
1.877250231453204,20.086733770802592
2.3993637475208685,13.6476264902087
3.654188540967536,19.245711147437
5.20086063432358,91.12622484368774
4.725275442010853,106.44372078133296
4.873829836768499,79.88508123287892
4.250799458465187,93.24309616591279
4.032822898295285,150.7001868254713
4.0796185775905025,6.363266099379127
4.2307072956669,33.86373963953604
3.6266601739587454,18.450129997267695
4.299366672923434,14.349227456412383
3.4825852390121574,41.77352288085062
3.3573809458078765,30.28973834074401
3.6941534304300667,31.917916475223898
3.486047446838899,54.8842585385667
3.4400023003230515,57.138372954733015
2.8959904802798024,17.844770160106037
2.4848536187108605,49.25825992341258
1.8600332513308484,56.86638358987126
2.3449029646836963,114.42425437677467
2.0215236447492457,34.21284935932819
2.1868213421178537,24.51614992519757
2.288745870700706,21.684770225001472
2.3192134420538904,29.998899042419673
2.001157602546463,28.485210473109714
3.8046625829341636,21.018693979040698
5.761795428217225,14.912277802873774
4.5111567277107545,41.69914807476772
4.350025387717029,91.87616979604277
4.250144937229641,85.52049118607037
3.4518793912911505,6.029557516181885
4.352491189466795,7.728361064525705
3.1810246623767275,20.338829564215157
3.262555140531968,72.26682445670967
3.326511764513554,123.64542941085335
2.7574147247061735,120.14910657337253
2.6651590868678294,126.4258397676415
3.2320723393460202,80.70374676380037
2.8817567448462698,160.14850921037356
3.4608081859669677,27.572314840159326
3.206027724904109,23.860511122623446
2.56783332471618,45.53586802469988
2.3544173255985616,50.4314190920188
2.00617446014356,77.34889159136293
2.0213965173057025,33.78021532074935
1.6937639568122425,31.466038876936928
1.9990355521427066,21.26354998298599
1.8112823589479552,18.121881845538187
1.9261215188293537,27.450406827658203
2.3122423744252067,31.238037401245883
3.9854511759000006,0.973528123503911
3.673120426183011,1.6472239501090904
3.271314166321488,56.1527891533544
3.789338752728665,1.194911743111863
3.5892725341885483,6.241841940879159
3.267182061255313,40.592768535246805
2.055756269082692,22.9147317935731
2.536164263908031,33.64764829653788
3.108042649001888,58.915796030182776
2.87516393265004,26.533094389056487
3.0232618391098915,37.69140911403787
3.4554920772728535,73.06189021338979
2.899840586232943,94.52836903291856
2.6222593165659545,103.59359697841148
3.500122736613737,97.78461183557786
2.4399591385429793,56.428267047741215
1.881866361745642,99.37723005556454
2.0061779329158065,109.15126113694284
2.044817090925764,81.69344067843996
1.9163950657477087,57.93090901634578
1.937321559479089,33.77529857939816
2.362927918771449,19.813160585641267
2.464885044134697,13.092712690208964
2.802550451901023,15.263247198137766
3.48952748958628,20.12385347507368
3.2357261732593767,13.92549448490089
3.801879455882406,4.232799692498887
2.9836920401286084,25.38377543329661
3.687206280445714,151.43241698891805
3.2337203480056713,42.89034468548334
2.965647326507165,64.1728896816863
2.8547285546904257,111.78977594890776
2.76421291455359,84.20464099830167
3.207725327804774,104.37558017304173
3.43849654216298,78.80459993974877
3.278818742828788,139.41721888026296
2.924734534326887,147.45571196593318
2.8650484875922935,230.4499715488611
2.9034396969770366,170.35779300904971
2.4193333875680687,207.76955554893004
2.291843630309329,191.17967350308075
2.4018547808257176,116.49664546947406
2.0761093608229584,92.81414415638243
2.0296502351960863,93.6594246520484
1.7619292785045726,104.49024717348891
1.8301689335091904,82.39576952568702
2.493525001578723,174.13994908589547
3.4500863293905226,117.0814245268986
3.2824892848284346,5.776906401537099
2.989296553853736,1.3358392853959504
3.5942664204960018,6.0762937268631845
2.7024138853947504,8.889772760562511
3.098226318973241,-4.597150786469516
2.548620856409359,-2.008491509274805
2.307134745971309,42.510873638618364
1.9110215352239992,92.60164146597462
1.4673038412674062,22.94747273612514
2.695874790649244,8.917793553869679
2.422565709618072,28.02633239087823
2.456273187848376,12.575806236715142
2.34612470466591,22.210367960106712
2.1204720872819753,17.253395884196642
1.869385267626358,88.69271837660702
1.746058119224142,82.26882779909562
1.7466126906792823,147.73722121028743
1.7954574744427005,91.42959609312487
2.0415869630827634,98.49137519145037
1.9090286195667083,96.44287386993285
1.928566490453234,64.56156855004716
1.895608311983615,18.980973483570658
2.05672405552167,22.84299986334738
3.178486418128399,17.509229644404446
3.771793645585423,8.861521979712231
3.5393223530506224,1.020297957565571
3.6637624157835535,47.844200441538455
2.8084837823604194,6.515646155646234
3.097484488128198,5.526697334149578
3.109439138370476,14.914596156035099
2.6493887797161486,101.57096420030437
3.1151805668786667,69.56974926187756
2.565267539638305,70.61964576862265
2.8214646525196825,89.63221966394455
2.733488617530857,99.63866387015597
3.0325386697162835,37.47132438471332
2.9709287736557246,18.54677839126612
3.0760151899369546,26.475783753159142
2.659477254950662,71.29914983220668
2.7228375981184665,96.18073374147022
2.298293680772797,85.9679722054236
2.434753432713795,38.712457826961504
2.329487947234597,64.96460390397112
2.2449305570581277,63.317896452115626
2.177463019560472,24.45890514261261
2.2223444610161946,18.24452529637844
2.159212508405367,25.930740385565095
3.6305721151901666,28.747794039859528
4.406246633521194,54.84993760248186
4.040857668773466,95.82185355507895
3.3669316088445016,116.40827270074983
2.85682383666789,36.04924821725614
3.7318730741443846,-4.124069638912722
3.03608013331543,-2.2165894083534994
3.312027788271024,13.11550697196287
3.6186695050698283,6.3942699696545535
1.6121328861521433,24.137050573943238
2.0899267645461954,23.661910245105112
2.6048884922931164,44.47803821977962
2.853899536320154,65.3461888592255
2.8207136065761804,79.57162388960948
3.3200197946836356,88.8873619110916
2.9206475373478957,228.9186927438626
2.5959115520663643,45.718695552931166
2.4956557655455613,22.438507291930563
2.4026690610529866,27.89611149325855
1.963202976924814,58.272598831652516
2.059507820567458,36.316575990176354
2.4374326749681097,17.03977581344276
2.2250630325011915,27.496237813679816
2.3733717141160056,23.564434466860963
2.682636632054887,52.41241082833742
3.004859771139185,128.033966670523
4.1809191108987305,295.16861122398734
3.219032365944189,112.90335310545694
3.178557982380139,253.29677588372851
3.1393691638502146,182.5138056238665
3.7636124021119457,112.1914263290772
3.457851295751833,136.36592999160254
3.2148902999571627,29.90484651982323
2.689591759507068,33.649211812377246
2.2714006551829757,24.576295880913698
3.276207101436475,35.1577522233715
3.051646902384209,102.499548337256
3.105239055938477,253.0912521843248
3.2376609191652848,317.2563926560415
3.098996559398504,200.0565352069526
3.1928010168905945,137.80076657498898
2.313085460433717,40.93499611192782
2.395380634050728,34.883036313175225
2.269781490054936,20.72719894362662
2.2231202643896113,20.884702249757023
2.0756851764894004,27.789477964245854
2.3760739872108045,32.76068108178042
2.7656161210502557,19.2286997577635
2.859485485083705,49.56979510204767
3.7556434481033323,147.13964598694733
3.7670521863440034,87.6010849092745
4.005582730699355,74.97223660387871
3.353381044647973,64.30020497335964
3.6877967704188044,79.8721577181983
3.0479464459552887,105.57209332475806
3.7730915691085065,90.52210696482803
3.1639493618014845,88.57144022479588
3.1874148611480844,83.20537049220674
3.3492772285201204,38.17277718124083
3.4946886402275763,52.501003616347944
3.3019679107947364,64.24460479799976
2.797759806198399,132.61855243535194
3.6669659475615135,157.92863267745875
2.8178846322262534,133.52529596631828
2.6438442652613268,82.67880899769271
2.466329081506224,22.006991641245545
2.1573153757863404,19.474509348311635
1.9562272659201465,34.53319261219817
1.8696393094192365,57.76671008866114
2.0086644279773718,22.24152874511052
1.8959831749581648,20.256689238354433
3.1887127413463587,28.516089162297142
4.77216382806391,37.807291734202146
5.897461566187979,136.72789163817296
5.256668350818078,122.26824081543468
4.643825072345614,66.77414903305365
4.366534315429504,56.70281867558194
3.4477212842661,125.88005741815385
3.2258845555313376,111.76822277672873
2.509605207662182,46.977360522639934
2.6136926490718935,20.53589857773279
2.6092540406475764,119.77490917782575
3.300359060885499,113.69535626672908
3.11677703763329,101.61345288009062
3.2705100366001467,145.93197821107253
3.2955600230515754,132.8092410767463
2.7523042352192975,69.29797978753605
2.8017720436766873,78.69170487156929
2.5009594748101396,72.27838829210525
2.0875110753227317,33.24426036745088
1.8634557001781833,36.72294672496727
1.7853946352403582,25.393671597434633
2.009166418395465,23.949878538473147
1.887263749296538,22.373707829140052
1.9638253623361632,28.60011993753765
1.9986313520658008,19.887995603914792
2.6623937754987574,17.31055786068605
4.652214194832524,49.20490125349618
5.213740835460907,25.60493675268263
4.383697482429286,74.97814003782898
4.1510165187756085,115.01248140530247
3.551363730558132,107.07456873869472
3.165894570065776,87.02399824797577
2.627263792668209,82.52798370366993
2.9297296766882455,98.39249585353821
3.5153797479006377,122.2564787223799
3.677774684117209,73.2175644135129
3.770910837246274,65.6011957773079
3.701370783798077,117.0607707801375
3.7678504257555376,118.76725204019365
3.6140917755527795,140.94253399560785
2.8014528083230172,110.39584954998753
2.8882591632525783,86.90557516544206
1.6458216776773686,27.26392225584977
2.027165934341524,21.623868398839335
1.7660456125859199,23.12710501984688
1.7471007900083877,22.23609282133032
1.4153353839491751,69.43831626367447
1.5406016145965171,18.880096494425157
3.1018344604057204,18.971037211258697
4.57245246510266,63.383386578306514
6.083832841577954,183.2670279714351
5.062021604907045,114.80580716789169
6.47675592635628,66.74529371374109
6.808401217202571,63.08017555391359
4.708488714606663,65.9812663277142
4.8180862887059765,66.4517002632682
4.1845352389544175,105.09508421909466
4.626056027962391,75.21424567528811
2.6949171549531497,48.11672559570791
2.8892217806041964,22.943561368179044
2.959112866950719,41.91655189459379
3.907514441209427,85.41633407001363
2.657606625944367,132.51421696897134
3.3444573878520414,142.26165957741293
3.0579026507305476,187.36991440163737
2.4960443065148916,123.13242486393051
1.5631809781881638,32.14000492410602
2.6539747053256697,24.78258482297278
2.3534652865168018,19.40093402781213
2.577481545524875,18.78912950457918
2.661302248464403,17.928778168772666
2.708755575893342,16.466917718402748
3.4672262789326624,22.623510833049043
5.479915199912614,93.72571330825514
7.0,128.79452796246534
5.609457777306412,109.66418704264565
6.283545524059693,90.30300733187852
5.0746564314180365,49.11827397492632
4.355205772521407,80.05552932588792
3.863268845098247,75.17751544257425
4.200585750773461,46.03885401121735
3.445602694058011,21.630730447952374
4.382655220289494,15.35574668847241
4.12097104968382,28.408278640375805
4.634817168305472,145.45631729502702
3.7841357772412003,179.18878170019082
3.3916142976735877,178.58159606879596
3.451001306405371,221.73186934245518
3.4846794475333187,209.18150456400463
2.5488143819205673,175.55481813564077
1.962098159163609,86.30328701526307
2.728870835981285,57.131658073043475
2.5153535737502333,29.892044180491034
2.58674207774107,18.51357887287273
2.895957883499407,18.733838355342225
3.0165566813825078,14.87273687412311
2.2149517243166708,24.87646834105095
4.837563353818026,42.0058408373911
5.649654525945466,149.08797307759505
6.411761330260763,150.65565767047073
5.460008779448695,87.08751380297292
5.119109507897589,212.23061901490573
5.110990789297296,219.38761154193588
4.218012753922448,86.2096507193945
3.5495860513227657,135.48132660350737
3.4368227666075764,137.20536345866165
3.4043023034658253,97.76999769109528
3.5378915804028077,100.66367125377971
3.756897907542602,86.49416563955506
3.2833003739447744,96.0877893050791
2.9737681663223925,60.000214951297124
3.6724704782993003,21.708632676547687
3.0557110816169235,20.958915295991883
2.551704650870624,26.438087392672553
2.2057013973230095,88.76785124439361
2.527208809685921,38.44666520798349
3.091442819909797,15.39725421766111
2.5412152200335134,22.531508984783546
2.895987220601763,18.833676979629658
2.4102541187568454,21.918666096692498
2.7840426548194976,22.355896260535545
4.72775874525062,82.59977017892845
6.304742973051439,24.78479167380178
5.433195507932448,30.11862566913304
6.632612066608677,45.40037866231511
5.575843398000746,64.69084812681372
3.972039009144384,169.05552385209782
4.867373730887737,107.69715719728885
3.6368770806274604,71.54797557090171
4.489221294285927,90.40661284121231
4.631054021475811,166.79152358554637
4.659172236088673,138.80288116831224
3.7026650890739914,156.25603979436414
4.139575372524938,85.39122259738429
3.576883190013776,109.68770795303466
3.9167360703833545,121.79894163769417
2.8339311748381983,61.971917991125444
3.141461513955873,26.665726802202666
2.193607778702019,15.820875311918304
2.1591410085827034,57.47796678018828
2.4743704941356217,17.582591511372776
2.224003637138333,23.890954158856136
2.4092012427500658,18.335568802821584
1.9411482084033298,15.007416093565372
2.894878930068311,14.061995617660273
5.50110807648568,43.186813653756005
7.0,154.2096439656566
7.0,142.2501235667866
6.9107300403141005,85.60246765519301
7.0,82.03567221472561
4.941451523963153,57.87689256223716
5.634880118723437,50.89926823394188
4.941450077376348,27.240211226200067
4.900181506297734,55.90175323241837
3.990035438638301,101.9636337391846
4.3026863853711905,72.58927973862582
4.548649710271666,174.12085505294306
4.702688692785826,157.89958661849766
3.8455203293286147,133.76534551056065
3.743976969982184,106.10335096138971
3.7253122666218466,74.37507591873833
2.455816832922837,18.02276097002187
2.192483402872577,43.78500441267057
2.9583012071188675,43.15434995597503
2.9795669204605697,48.943706653674546
2.597136977915033,22.098455046946693
2.79152340282609,16.02346908872533
3.0539084796610445,14.824386492553444
2.9436817642056297,25.19271188451189
4.8987602204456016,23.566365964419646
6.097814849252829,120.49989265732084
6.789503280206325,89.6333737898893
7.0,31.12628297369683
4.410520949455597,7.665264999491487
4.324060214731522,35.33526142188269
3.699409551719586,38.352833387833755
3.937083128926866,124.66368866335984
4.142091405813545,119.4447821551409
4.367286911753953,137.32214069642626
4.586619294369622,210.63758716364225
4.7250333595586245,165.3607860538791
4.237399439228225,100.39589822300502
4.249809033524847,142.6276362965857
3.605528601342844,111.80074888415615
3.59065164386448,92.96274955505893
2.8632776300399803,98.2612690897723
2.2852945109394294,105.31092119582514
2.3231417802799803,106.94873424666532
2.5599422834650176,118.05310718669327
2.7773183652122913,63.05321766796962
2.273924540843222,34.826631329106284
2.2509963917013422,20.379752588452696
2.998280092803086,16.255826673264558
4.8657207631192,8.4997177511372
5.885449971076048,4.809136185107018
6.644632548865023,13.564062583654277
4.662421928661285,39.69971661170692
4.940519146047569,55.020226811612176
3.6922237907519917,37.869771054049565
4.559387986285608,74.54657114349016
4.918203753606743,59.96390857734019
5.023112433009363,77.43387022787024
4.254232507634474,263.8862468789005
3.558500695774284,194.77699581940885
3.998320847281948,145.11994486019418
5.206776615483115,151.6977440337265
4.109942278749882,79.91694798191948
4.2761402865400315,168.65579545458058
3.536633964146481,163.45677362130914
2.852990086147116,62.25119150631533
2.5881404796200433,20.272553297239963
2.2502336270400844,17.78394835697964
2.438006378303073,20.992175577285728
2.4751658555772753,20.28932754760961
2.4231752694114705,34.1007571399614
2.032573740209161,40.027454809154655
2.512445940938942,19.996927195559604
3.9917284218797358,58.43810967139743
4.388097236681247,176.99531114851354
4.707594444176395,89.21371855724888
4.48620207186908,71.96344413033987
3.9243321042021186,57.95792075270306
3.5756789803888087,62.16777295788468
3.807942694335536,167.52328367454606
4.052561560750804,190.0899282310977
4.272008880712721,-4.156278185195287
3.7595474211701183,1.3289653676671698
4.291073614529048,9.432585234239927
3.652169842751517,47.99413376496036
4.298142047836054,79.5783818446314
3.640064037795197,102.1678905709937
3.4002589638345118,208.0007106921571
3.2059857752780094,87.29885250663759
2.8647866478780912,71.60613528523294
2.573364785255113,36.56971892801411
2.354218272143941,21.963458717856025
2.185413161204762,19.723895959401187
2.227697065451367,68.25080400369883
2.4926047069005293,16.0552903660384
2.614145551737064,16.40011804249325
3.352977120776425,15.30285151715391
5.000398788658286,83.67577488018323
4.816915107831881,155.82195202956413
5.781793293025292,99.11142249432748
6.061543915745658,95.26838533511881
4.761794173582457,80.26472221280798
4.317585549078852,39.7442194282157
4.295554974051623,9.209782222697065
4.017663546249033,10.892192899658676
4.563442588408901,9.594318670321172
4.170821651343035,10.809111855143696
4.529500326976423,32.556649051405806
4.486706900862656,90.48225192069798
5.589770056141082,119.87956313266106
4.429882425258384,119.63377123168095
3.6413061882224786,138.18566869759823
3.1970451176981074,153.24408755523643
3.242320340913995,51.99815345133366
2.3213159343894096,37.15400044968512
2.644994505420878,26.01214897564796
2.7271364741700297,19.438809694505487
2.494658304065455,23.04399406615812
2.447299507299663,20.82755675034309
2.7138048171766265,37.6502542763162
3.221158937269559,43.56377852887833
5.067816074579135,58.11694421698525
4.777031679112864,187.04100627468017
4.8218689387834575,81.80245376099944
4.793040121952503,58.764323417788106
5.394761658615831,68.59048749474299
3.952635170903673,85.53104908359586
4.105994019985348,81.80713850822599
3.9132681583362054,39.26895747326715
4.630328767734998,9.358661568092064
4.686591108990627,21.56499458375324
4.721553039421104,48.00026504395722
4.630999659132727,72.88365022697829
6.011461542107925,92.59451538677114
4.053238624327282,141.2701913356321
3.6944669988044874,128.35669089626708
3.4488232021923197,118.9477956889223
3.07842104542436,67.45382730983152
2.1905764912194314,37.295493833987955
2.2358686521081395,32.47885472777773
2.4848729636848903,21.533542641167298
2.365959419348244,30.129818428675165
2.480596692285397,70.56184258636316
2.3575235856760592,33.21194372090589
3.4669100901628247,21.547472326840136
5.263049779310285,57.088924492028085
5.184058717769615,181.74994186728821
6.111068258191827,91.36776800199128
6.772428408787415,59.32439986699528
6.016241612641756,59.11269462298064
5.364670207342737,66.39200875864319
3.8738765232366275,98.79197742889966
3.9586477232861808,40.58398268899974
4.8090275214535705,12.981062134643592
3.374075742787893,13.877028447231186
3.667576775378338,22.03321256796495
4.048856977759486,30.987127680066017
3.927170299787999,157.30821234258826
3.0895174156594516,167.79756638163798
2.9858487462312246,132.90281816186695
3.111392262606137,115.07879509821353
2.699954871374933,50.097883162382416
2.431448119181677,30.463972823911647
2.1021368244978413,22.43680843476323
2.128343996653316,16.252150369552083
1.9449166093112735,59.622409089364815
2.2233582208864995,21.694504424532795
1.9611687247339185,19.559177849287504
2.5113409100835296,13.23633901406661
2.7263413258225833,44.52335002337218
3.260511453146265,126.05750520615621
3.5454643244680653,73.83380643412308
3.8004698485536195,57.02544099972857
4.178042030901477,56.03251174683797
3.463852767988339,79.41184914484941
3.361999231046065,75.99109580841366
2.982267872287041,73.97549215938389
3.588747293529824,83.16789382559278
3.015966100295667,82.28440936450238
3.1443691707355415,102.47819068790002
3.175192023026661,46.084129276477775
3.466920082291151,48.37202823337282
3.2299959244348178,73.63739080034597
3.3153228117228313,109.69336520973083
3.106075940817816,128.77709410634043
2.6964083416678872,38.02850280408038
2.055746152109801,23.515045720433214
2.0729307485459683,18.41574046170431
2.3345465413635855,18.598667273106596
1.9443329138479841,25.845453418989152
1.9046015506005654,17.79578205280101
1.9522765361361947,21.08825787482495
2.6823823732520573,54.87709994442204
3.5484687935528463,42.44977291228678
4.200329727275397,162.83006473403344
4.7489599777801335,99.50857598094845
5.363266717031514,101.5673580823295
4.105205086667546,49.99972953754652
3.6965756311927884,146.04851751089646
3.7785211827826695,37.27319819789757
2.998228713710395,52.063150952778415
3.639426180061874,37.60891264243786
3.044453698859545,74.87645652588253
2.990280871015073,93.56909652186023
2.902881865843856,108.8783064173816
3.7398712673117847,309.66487811687506
3.2587336722200306,235.01742261032385
3.2018790071365735,136.90399783660524
2.8431334590380954,124.07924284105124
2.2147533101446717,83.78233706219882
2.099369570936459,41.809974575419716
1.270158826741968,20.44811331808792
1.1296405625475046,19.10134163835269
1.0539460238664036,15.825715536672323
1.1198095866743858,17.435585686692544
1.2710813156271643,23.5874833929036
1.7452264751356381,15.857514047411499
3.489243795669013,59.76336128287372
3.555829663172145,132.41452925875282
4.052957554380409,140.32503890077163
3.934417985518265,63.975812236884806
3.163827268443687,157.72097320377563
2.73114043129046,165.56864556373023
2.6347139066132614,92.74057083371198
2.3046013739746254,119.10553840427751
2.27740532895375,97.45402868854636
3.208573229718964,71.4815119894524
2.6945473884792945,38.19531673649583
3.1460706987038165,42.351483995804735
3.133144307258357,220.89486478220442
3.1984956744257134,152.18055286722583
3.0847806772795496,88.09662241924995
2.0129093811617143,163.84995518577222
1.7993819137081284,72.99450902158353
1.3453611540390942,22.048669167834827
2.3357656609503827,18.74751677127294
1.951429019845908,18.204030950966022
1.7545391622004656,15.75945430332714
1.48383885978079,16.451109869355832
2.0182183312171276,19.96436435627833
2.138272762867621,14.250701735503641
4.062003980332383,37.27356251831106
4.08589384116885,151.87826540239408
3.9525472971215603,78.58012150747248
3.716735205490291,72.67325087241545
4.054120075800973,57.412853622842306
2.549433147692344,100.78745391113924
2.270416263281734,44.72025818146942
2.4334841280140296,35.593091966500864
2.1228147151469887,81.52078006496646
3.3152178737939737,4.1598980797002945
3.045141412018621,22.944898895970304
2.965958190833804,65.21223089499291
3.678276391076179,100.04813983518851
2.77674530115995,152.4746469994373
2.718880988261058,178.08744173845483
2.858577174306929,81.26490284283156
2.5413327815371454,50.72213984703679
1.3957579707377596,34.60395068763652
1.6903608529389373,19.884758459595638
1.7358225170857027,15.644964738157217
1.9919622638910597,28.982624714343764
1.8571386572317152,47.015639326845346
1.6807124190360347,18.840220614612814
2.820468704534798,15.15708262367382
4.286800465164161,40.1491175481183
4.76091183853913,187.60173493675796
4.9100055221334955,75.99447360585643
4.680030142038853,74.97243874152078
3.8690703663953556,79.10736491045014
4.103179794340875,63.07233492055617
3.4681052288903294,86.89061300790263
3.7021169649806547,117.14522034793423
3.786470761542936,115.42695559312477
3.2202150921916655,63.84882407404707
2.6708496836081865,48.26280145200252
3.3006579464112464,123.36769897670189
3.58747062428628,141.71835814031863
3.1376939654247593,109.21583926681743
3.5203001436786394,171.45139898437338
3.2698774459662636,113.98862483355116
3.0943276349748112,25.21471893925788
1.7385671659950157,24.985422699269616
1.7465955399122552,20.516649847491326
1.9040767424361955,16.009779996103745
1.9420706972885264,18.14678616838106
1.6149792433496346,17.6740776836478
1.9622313797748163,23.175554684587564
2.889823595617362,60.43902542900116
3.3015788463357802,62.08842690212524
4.395904480489557,174.77586773024836
4.046274831639508,88.29475461348386
3.4306062798726344,66.1310619853061
3.491955046221963,13.594916362184044
3.222100348752304,51.12249929352531
3.1302406448742457,6.820371346244251
2.371393458810716,-2.4423770965297855
2.85958842201558,-2.8216032950429657
2.9351215614841872,6.72514558028819
3.238802812775395,22.72840611781355
3.2282782872021745,99.58256105439698
3.7978877196074996,125.61708103472964
3.4878669864675977,151.4480823396977
3.4632305529387786,101.39710066431716
2.926292234241384,89.17569950343594
2.550309934858105,81.2727588789888
1.9751918596601237,63.28204025867657
